{
  "total_images": 990,
  "total_masks": 990,
  "batches_analyzed": 100,
  "total_pixels": 26214400,
  "unique_classes": 256,
  "classes_with_zero_pixels": 0,
  "mask_value_range": [
    0,
    255
  ],
  "top_5_classes": [
    [
      0,
      13638473,
      52.0266456604004
    ],
    [
      255,
      11456613,
      43.70351028442383
    ],
    [
      241,
      242065,
      0.9234046936035156
    ],
    [
      254,
      16720,
      0.06378173828125
    ],
    [
      238,
      14471,
      0.055202484130859375
    ]
  ],
  "class_255_pixels": 11456613,
  "class_255_percentage": 43.70351028442383
}